,test_errors,best_degrees
mean,0.09864999999999999,3.65
std,0.020708150569280687,0.7262919523166975
