,test_errors,best_degrees
mean,0.10192307692307692,3.75
std,0.020712172335132707,1.3369741957120937
