,test_errors,best_degrees
mean,0.12805000000000002,4.1
std,0.023867289330797493,0.6244997998398398
